,series,SpeciesID,SamplePurpose,Latitude,Longitude,Easting,Northing,Elevation,Patch_loc
1,MPB1,PIED,Chron,36.086628,-106.691466,347712.2595,3994881.084,2601.23999,Interior
2,MPB10,QUGA,AGE,36.092074,-106.692187,347657.8531,3995486.345,2569.461182,Interior
3,MPB11,QUGA,AGE,36.092074,-106.692187,347657.8531,3995486.345,2569.461182,Interior
4,MPB12,PIPO,FS,36.09087,-106.692334,347642.2934,3995353.014,2576.551025,Interior
5,MPB13,QUGA,AGE,36.083315,-106.68434,348347.5266,3994502.433,2632.060303,Interior
6,MPB14,QUGA,AGE,36.083315,-106.68434,348347.5266,3994502.433,2632.060303,Interior
7,MPB15,QUGA,AGE,36.089567,-106.67908,348833.1365,3995187.783,2600.112793,Interior
8,MPB16,QUGA,AGE,36.089567,-106.67908,348833.1365,3995187.783,2600.112793,Interior
9,MPB17,QUGA,FS,36.092418,-106.682662,348516.0948,3995509.623,2585.51123,Interior
10,MPB18,PIPO,FS,36.093242,-106.682564,348526.4999,3995600.877,2573.991211,Interior
11,MPB19,PIPO,GC,36.093312,-106.682175,348561.6573,3995608.036,2574.21582,Interior
12,MPB2,JUSC,FS,36.086651,-106.691327,347724.8196,3994883.418,2605.102051,Interior
13,MPB20,PIPO,GC,36.093444,-106.682099,348568.7531,3995622.561,2575.567383,Interior
14,MPB21,PIPO,DD,36.093417,-106.682826,348503.2472,3995620.698,2565.657715,Interior
15,MPB22,PIPO,FS,36.094883,-106.68553,348262.6166,3995787.54,2521.173828,Interior
16,MPB23,QUGA,AGE,36.094123,-106.686716,348154.3766,3995705.084,2511.242432,Interior
17,MPB24,QUGA,AGE,36.094123,-106.686716,348154.3766,3995705.084,2511.242432,Interior
18,MPB25,RONE,AGE,36.094123,-106.686716,348154.3766,3995705.084,2511.242432,Interior
19,MPB26,QUGA,AGE,36.093038,-106.688371,348003.2829,3995587.31,2485.626465,Interior
20,MPB27,QUGA,AGE,36.093038,-106.688371,348003.2829,3995587.31,2485.626465,Interior
21,MPB28,QUGA,AGE,36.091228,-106.68689,348133.1394,3995384.21,2516.279785,Interior
22,MPB29,QUGA,AGE,36.091228,-106.68689,348133.1394,3995384.21,2516.279785,Interior
23,MPB3,JUSC,DD,36.086562,-106.691357,347721.9466,3994873.592,2605.075928,Interior
24,MPB30,QUGA,AGE,36.089415,-106.684115,348379.5053,3995178.761,2535.011719,Interior
25,MPB31,QUGA,AGE,36.089415,-106.684115,348379.5053,3995178.761,2535.011719,Interior
26,MPB32,QUGA,AGE,36.085964,-106.682386,348528.5575,3994793.244,2548.320312,Interior
27,MPB33,JUSC,FS,36.092239,-106.681817,348591.8304,3995488.45,2595.938721,Interior
28,MPB34,PIPO,FS,36.085072,-106.675776,349122.0277,3994684.017,2619.312744,Edge
29,MPB35,QUGA,AGE,36.082235,-106.679872,348747.777,3994375.669,2628.058105,Edge
30,MPB36,QUGA,AGE,36.082235,-106.679872,348747.777,3994375.669,2628.058105,Edge
31,MPB37,QUGA,AGE,36.085964,-106.682386,348528.5575,3994793.244,2548.320312,Interior
32,MPB4,JUSC,FS,36.086545,-106.691314,347725.7856,3994871.639,2604.422119,Interior
33,MPB5,QUGA,AGE,36.086694,-106.691295,347727.7838,3994888.138,2605.550293,Interior
34,MPB6,QUGA,AGE,36.086694,-106.691295,347727.7838,3994888.138,2605.550293,Interior
35,MPB7,PIPO,FS,36.088271,-106.691515,347711.0178,3995063.421,2592.92749,Interior
36,MPB8,PIPO,FS,36.090453,-106.692187,347654.7237,3995306.526,2587.678467,Interior
37,MPB9,PIPO,FS,36.090453,-106.692187,347654.7237,3995306.526,2587.678467,Interior
38,PGM1,PIPO,FS,35.723976,-106.79524,337628.8059,3954819.609,2282.11499,Edge
39,PGM10,PIPO,GC,35.725781,-106.798958,337296.1664,3955025.993,2298.150635,Interior
40,PGM11,JUSC,DD,35.725815,-106.799201,337274.2555,3955030.168,2300.069824,Interior
41,PGM12,PIPO,FS,35.726528,-106.79993,337209.7666,3955110.469,2300.006348,Interior
42,PGM13,QUGA,AGE,35.725956,-106.800621,337146.0995,3955048.165,2318.192871,Interior
43,PGM14,QUGA,AGE,35.725956,-106.800621,337146.0995,3955048.165,2318.192871,Interior
44,PGM15,PIPO,DD,35.725025,-106.800798,337128.1935,3954945.186,2332.320312,Interior
45,PGM16,QUGA,AGE,35.724777,-106.80155,337059.667,3954918.925,2342.432129,Interior
46,PGM17,QUGA,DD,35.724777,-106.80155,337059.667,3954918.925,2342.432129,Interior
47,PGM18,QUGA,AGE,35.724777,-106.80155,337059.667,3954918.925,2342.432129,Interior
48,PGM19,QUGA,AGE,35.723732,-106.800657,337138.3147,3954801.523,2343.048096,Interior
49,PGM2,PSME,DD,35.72395,-106.795352,337618.6221,3954816.91,2288.078125,Edge
50,PGM20,QUGA,AGE,35.723732,-106.800657,337138.3147,3954801.523,2343.048096,Interior
51,PGM21,QUGA,AGE,35.72445,-106.799085,337281.971,3954878.56,2316.615967,Interior
52,PGM22,QUGA,AGE,35.72445,-106.799085,337281.971,3954878.56,2316.615967,Interior
53,PGM23,PIPO,GC,35.721682,-106.798423,337336.2228,3954570.416,2334.536377,Edge
54,PGM24,JUSC,FS,35.721489,-106.798024,337371.923,3954548.345,2332.156982,Edge
55,PGM25,PIPO,GC,35.721733,-106.797788,337393.767,3954575.02,2328.45459,Edge
56,PGM26,QUGA,FS,35.721606,-106.798017,337372.7941,3954561.312,2332.539307,Edge
57,PGM27,QUGA,AGE,35.723119,-106.797994,337377.9506,3954729.107,2327.680908,Interior
58,PGM28,QUGA,AGE,35.723119,-106.797994,337377.9506,3954729.107,2327.680908,Interior
59,PGM29,QUGA,AGE,35.723601,-106.796104,337549.8912,3954779.442,2302.263184,Interior
60,PGM3,QUGA,DD,35.723944,-106.79534,337619.6954,3954816.225,2288.312744,Edge
61,PGM30,QUGA,AGE,35.723601,-106.796104,337549.8912,3954779.442,2302.263184,Exterior
62,PGM31,JUSC,FS,35.721515,-106.79214,337904.2288,3954541.49,2248.833252,Exterior
63,PGM32,PIPO,FS,35.721412,-106.792163,337901.9396,3954530.103,2262.830322,Interior
64,PGM33,QUGA,AGE,35.72158,-106.794063,337730.4106,3954551.88,2279.464111,Interior
65,PGM34,QUGA,AGE,35.72158,-106.794063,337730.4106,3954551.88,2279.464111,Interior
66,PGM35,PSME,FS,35.721225,-106.794511,337689.1653,3954513.242,2289.895752,Interior
67,PGM36,PIED,DD,35.72117,-106.794529,337687.4255,3954507.171,2290.043945,Interior
68,PGM37,QUGA,AGE,35.72102,-106.794829,337659.9836,3954491.028,2296.327148,Interior
69,PGM38,QUGA,AGE,35.72102,-106.794829,337659.9836,3954491.028,2296.327148,Interior
70,PGM39,PIPO,FS,35.721229,-106.796412,337517.2128,3954516.833,2311.219482,Exterior
71,PGM4,QUGA,DD,35.723993,-106.795422,337612.3776,3954821.796,2288.520264,Edge
72,PGM40,PIPO,DD,35.722477,-106.796107,337547.337,3954654.765,2298.864746,Interior
73,PGM41,PIPO,DD,35.722473,-106.796083,337549.4999,3954654.281,2299.713379,Interior
74,PGM42,QUGA,AGE,35.722677,-106.796033,337554.437,3954676.828,2297.010498,Interior
75,PGM43,QUGA,AGE,35.722677,-106.796033,337554.437,3954676.828,2297.010498,Interior
76,PGM44,QUGA,AGE,35.722831,-106.794998,337648.3719,3954692.197,2280.291016,Interior
77,PGM45,QUGA,AGE,35.722831,-106.794998,337648.3719,3954692.197,2280.291016,Interior
78,PGM5,PIPO,DD,35.723982,-106.795458,337609.0989,3954820.635,2288.864746,Edge
79,PGM6,PIPO,FS,35.72417,-106.795475,337607.9429,3954841.518,2286.700439,Edge
80,PGM7,PIPO,GC,35.723762,-106.795148,337636.6933,3954795.718,2289.906982,Edge
81,PGM8,PIPO,GC,35.7239,-106.795259,337626.933,3954811.21,2288.654541,Edge
82,PGM9,QUGA,FS,35.724234,-106.795521,337603.9119,3954848.693,2286.273682,Edge
83,RDC01,PIPO,GC,35.87770167,-106.5907487,356402.7378,3971552.342,2700.100098,Edge
84,RDC02,PIPO,Chron,35.8777265,-106.590791,356398.9639,3971555.159,2700.700195,Edge
85,RDC03,PIPO,GC,35.873797,-106.5951512,355998.2222,3971125.691,2665.5,Interior
86,RDC04,PIPO,GC,35.87376567,-106.5950195,356010.0556,3971122.022,2656.900146,Interior
87,RDC05,QUGA,AGE,35.87376383,-106.5952462,355989.5854,3971122.151,2660.200195,Interior
88,RDC06,QUGA,AGE,35.87376383,-106.5952462,355989.5854,3971122.151,2660.200195,Interior
89,RDC07,PIPO,FireScar,35.879997,-106.588715,356590.474,3971803.968,2630.451904,Exterior
90,RDC08,PIST,FireScar,35.880315,-106.588956,356569.2912,3971839.596,2652.671387,Exterior
91,RDC09,PIPO,FireScar,35.880306,-106.589504,356519.8045,3971839.402,2661.605469,Exterior
92,RDC10,PIPO,FireScar,35.880349,-106.589571,356513.8337,3971844.27,2664.821533,Exterior
93,RDC11,PIPO,FireScar,35.880421,-106.58952,356518.5676,3971852.182,2668.037109,Exterior
94,RDC12,QUGA,AGE,35.877965,-106.589856,356483.8038,3971580.241,2689.149414,Interior
95,RDC13,QUGA,AGE,35.877965,-106.589856,356483.8038,3971580.241,2689.149414,Interior
96,RDC14,QUGA,AGE,35.877965,-106.589856,356483.8038,3971580.241,2689.149414,Interior
97,RDC15,QUGA,AGE,35.877965,-106.589856,356483.8038,3971580.241,2689.149414,Interior
98,RDC16,PIPO,FireScar,35.877854,-106.590435,356431.3329,3971568.779,2710.861084,Edge
99,RDC17,PIPO,DD,35.877678,-106.59059,356417.0222,3971549.484,2713.301025,Edge
100,RDC18,PIPO,DD,35.877377,-106.59046,356428.2149,3971515.904,2692.583496,Interior
101,RDC19,PIPO,FireScar,35.877361,-106.590403,356433.3319,3971514.045,2689.659668,Interior
102,RDC20,PIPO,FireScar,35.877373,-106.590253,356446.8952,3971515.156,2687.215576,Interior
103,RDC21,QUGA,AGE,35.877259,-106.590361,356436.9395,3971502.669,2682.963379,Interior
104,RDC22,QUGA,AGE,35.877259,-106.590361,356436.9395,3971502.669,2682.963379,Interior
105,RDC23,QUGA,AGE,35.877259,-106.590361,356436.9395,3971502.669,2682.963379,Interior
106,RDC24,QUGA,AGE,35.877259,-106.590361,356436.9395,3971502.669,2682.963379,Interior
107,RDC25,PIPO,FireScar,35.877171,-106.589781,356489.142,3971492.056,2659.857666,Interior
108,RDC26,PIPO,GC,35.877176,-106.589752,356491.7691,3971492.568,2654.626709,Interior
109,RDC27,QUGA,AGE,35.876105,-106.586906,356746.7718,3971369.591,2607.026367,Interior
110,RDC28,QUGA,AGE,35.876105,-106.586906,356746.7718,3971369.591,2607.026367,Interior
111,RDC29,QUGA,AGE,35.876105,-106.586906,356746.7718,3971369.591,2607.026367,Interior
112,RDC30,PIPO,GC,35.87494,-106.58667,356765.98,3971240.017,2633.715332,Edge
113,RDC31,PIPO,GC,35.875152,-106.586155,356812.8561,3971262.778,2664.377197,Edge
114,RDC32,PIPO,FireScar,35.87528,-106.585709,356853.3515,3971276.324,2680.630127,Edge
115,RDC33,PIPO,FireScar,35.875295,-106.585894,356836.6766,3971278.259,2678.604248,Edge
116,RDC34,PIPO,DD,35.876125,-106.585009,356918.0676,3971369.031,2720.908447,Interior
117,RDC35,PIPO,FireScar,35.877201,-106.584283,356985.545,3971487.324,2747.852539,Edge
118,RDC36,PIPO,GC,35.87743,-106.584077,357004.5539,3971512.425,2760.455078,Edge
119,RDC37,PIPO,DD,35.877352,-106.58404,357007.754,3971503.719,2762.873291,Edge
120,RDC38,ABCO,FireScar,35.878299,-106.58496,356926.4018,3971610.112,2699.662842,Edge
121,RDC39,PIPO,FireScar,35.878449,-106.584416,356975.7821,3971625.954,2727.74707,Exterior
122,RDC40,QUGA,AGE,35.878223,-106.585581,356870.2031,3971602.591,2661.704834,Interior
123,RDC41,QUGA,AGE,35.878223,-106.585581,356870.2031,3971602.591,2661.704834,Interior
124,RDC42,ACGL,AGE,35.875403,-106.587608,356682.1309,3971292.75,2595.029541,Edge
125,RDC43,QUGA,AGE,35.875403,-106.587608,356682.1309,3971292.75,2595.029541,Edge
126,RDC44,ACGL,AGE,35.875403,-106.587608,356682.1309,3971292.75,2595.029541,Edge
127,RDC45,QUGA,AGE,35.875403,-106.587608,356682.1309,3971292.75,2595.029541,Edge
128,RDC50,QUGA,AGE,35.8679325,-106.5983435,355699.3784,3970479.874,2520.899902,Interior
129,RDC51,QUGA,AGE,35.8679325,-106.5983435,355699.3784,3970479.874,2520.899902,Interior
130,RDC52,JUSC,AGE,35.871838,-106.5968535,355840.9852,3970910.896,2685.100098,Interior
131,RDC53,QUGA,AGE,35.871838,-106.5968535,355840.9852,3970910.896,2685.100098,Interior
132,RDC54,QUGA,AGE,35.871838,-106.5968535,355840.9852,3970910.896,2685.100098,Interior
133,RDC55,QUGA,AGE,35.87293167,-106.595788,355939.1636,3971030.642,2635.400146,Interior
134,RDC56,QUGA,AGE,35.87293167,-106.595788,355939.1636,3971030.642,2635.400146,Interior
135,RDC57,PIPO,FireScar,35.87296139,-106.5956798,355948.986,3971033.779,2635.400146,Interior
136,RDC58,QUGA,AGE,35.87296139,-106.5956798,355948.986,3971033.779,2635.400146,Interior
137,RDC59,QUGA,AGE,35.87296139,-106.5956798,355948.986,3971033.779,2635.400146,Interior
138,RDC60,PIPO,FireScar,35.875341,-106.593019,356193.5128,3971293.821,2635.400146,Edge
139,RDC61,QUGA,AGE,35.8753204,-106.5929583,356198.9556,3971291.447,2635.400146,Edge
140,RDC62,QUGA,AGE,35.8753204,-106.5929583,356198.9556,3971291.447,2635.400146,Edge
141,RDC63,QUGA,AGE,35.87764051,-106.5921503,356276.0943,3971547.618,2635.400146,Edge
142,RDC64,QUGA,AGE,35.87764051,-106.5921503,356276.0943,3971547.618,2635.400146,Edge
143,RDC65,PIPO,FireScar,35.87758,-106.592116,356279.0815,3971540.856,2635.400146,Edge
144,SNN1,PIPO,FS,35.996666,-106.86677,331736.0917,3985190.061,2499.89917,Interior
145,SNN10,POTR,AGE,36.00631,-106.86074,332300.1039,3986249.502,2758.191406,Interior
146,SNN11,PIST,FS,36.006839,-106.859457,332416.8674,3986305.977,2786.459473,Edge
147,SNN114,PIPO,Chron,36.002254,-106.8470282,333527.4894,3985776.042,2650.099854,Interior
148,SNN115,QUGA,AGE,36.002705,-106.848733,333374.7685,3985828.986,2590.226807,Interior
149,SNN116,QUGA,AGE,36.002705,-106.848733,333374.7685,3985828.986,2590.226807,Interior
150,SNN117,PIPO,GC,36.0030455,-106.8481812,333425.2238,3985865.815,2673.399902,Interior
151,SNN118,PIPO,DD,36.00329383,-106.8534427,332951.4825,3985902.372,2665.399902,Interior
152,SNN12,PIPO,FS,36.006902,-106.859835,332382.9299,3986313.616,2788.855469,Exterior
153,SNN13,PIPO,FS,36.007033,-106.86013,332356.6177,3986328.656,2784.572998,Exterior
154,SNN14,PIPO,FS,36.007692,-106.860917,332287.0783,3986403.116,2785.962402,Exterior
155,SNN15,QUGA,AGE,36.00103,-106.846047,333613.3619,3985638.584,2624.66626,Interior
156,SNN16,QUGA,AGE,36.00103,-106.846047,333613.3619,3985638.584,2624.66626,Interior
157,SNN17,QUGA,AGE,36.00103,-106.846047,333613.3619,3985638.584,2624.66626,Interior
158,SNN18,QUGA,AGE,36.00103,-106.846047,333613.3619,3985638.584,2624.66626,Interior
159,SNN19,PIPO,FireScar,36.00267217,-106.8528692,333001.8655,3985832.426,2670.899902,Interior
160,SNN2,PIPO,FS,35.996727,-106.866785,331734.8692,3985196.854,2500.837891,Interior
161,SNN20,PIPO,FireScar,36.00244917,-106.8528473,333003.3692,3985807.651,2666,Interior
162,SNN21,POTR,AGE,36.003146,-106.853218,332971.4247,3985885.588,2691.008301,Interior
163,SNN22,POTR,AGE,36.003146,-106.853218,332971.4247,3985885.588,2691.008301,Interior
164,SNN23,ABCO,AGE,36.003146,-106.853218,332971.4247,3985885.588,2691.008301,Interior
165,SNN24,PSME,Chron,36.00324483,-106.8535237,332944.0778,3985897.075,2661.399902,Interior
166,SNN25,QUGA,AGE,36.004103,-106.852992,332993.815,3985991.363,2723.851074,Interior
167,SNN26,QUGA,AGE,36.004103,-106.852992,332993.815,3985991.363,2723.851074,Interior
168,SNN27,POTR,AGE,36.006711,-106.858002,332547.7425,3986289.276,2757.714844,Interior
169,SNN28,POTR,AGE,36.006711,-106.858002,332547.7425,3986289.276,2757.714844,Interior
170,SNN29,QUGA,AGE,36.006711,-106.858002,332547.7425,3986289.276,2757.714844,Interior
171,SNN3,QUGA,AGE,35.996618,-106.866842,331729.4992,3985184.861,2498.499023,Interior
172,SNN30,QUGA,AGE,36.006711,-106.858002,332547.7425,3986289.276,2757.714844,Interior
173,SNN31,PIPO,FireScar,36.00620617,-106.8562633,332703.3927,3986230.286,2698.799805,Interior
174,SNN32,PIPO,FireScar,36.00606817,-106.8561243,332715.6299,3986214.739,2697.799805,Interior
175,SNN33,PIPO,FireScar,36.00604317,-106.8562207,332706.888,3986212.131,2679.099854,Interior
176,SNN34,PIPO,FireScar,36.005925,-106.85629,332700.3918,3986199.141,2673.099854,Interior
177,SNN35,PIPO,FireScar,36.0065315,-106.8559312,332734.0141,3986265.806,2692.399902,Interior
178,SNN36,RONE,Chron,36.005664,-106.854978,332818.0985,3986167.935,2717.599854,Interior
179,SNN37,QUGA,Chron,36.00595667,-106.8552908,332790.5222,3986200.939,2706.699951,Interior
180,SNN38,QUGA,Chron,36.005989,-106.8553508,332785.1824,3986204.628,2706.599854,Interior
181,SNN39,QUGA,Chron,36.00600617,-106.8553625,332784.1641,3986206.553,2706.199951,Interior
182,SNN4,QUGA,AGE,35.996618,-106.866842,331729.4992,3985184.861,2498.499023,Interior
183,SNN40,QUGA,AGE,36.00221705,-106.8714836,331323.0046,3985814.006,2642.53,Interior
184,SNN41,QUGA,AGE,36.00221705,-106.8714836,331323.0046,3985814.006,2642.53,Interior
185,SNN42,JUSC,FireScar,36.00221233,-106.871604,331312.1417,3985813.691,2610.799805,Interior
186,SNN43,JUSC,FireScar,36.00203117,-106.8717967,331294.3856,3985793.928,2608.899902,Interior
187,SNN44,PIED,DD,36.001713,-106.8717248,331300.1887,3985758.508,2587.899902,Interior
188,SNN45,PIED,Chron,36.001422,-106.8705832,331402.4736,3985724.25,2573.299805,Interior
189,SNN46,QUGA,AGE,36.00110594,-106.8713313,331334.3657,3985690.483,2583.17,Interior
190,SNN47,JUSC,AGE,36.00110594,-106.8713313,331334.3657,3985690.483,2583.17,Interior
191,SNN48,QUGA,AGE,36.00110594,-106.8713313,331334.3657,3985690.483,2583.17,Interior
192,SNN49,PIPO,DD,36.00402233,-106.8724747,331237.5154,3986015.988,2663.299805,Exterior
193,SNN5,PIPO,FS,35.99702,-106.867384,331681.4944,3985230.392,2494.05957,Interior
194,SNN6,QUGA,AGE,36.00631,-106.86074,332300.1039,3986249.502,2758.191406,Interior
195,SNN7,QUGA,AGE,36.00631,-106.86074,332300.1039,3986249.502,2758.191406,Interior
196,SNN75,PIPO,DD,36.00501867,-106.8654872,331869.4708,3986114.433,2727.800049,Edge
197,SNN76,QUGA,AGE,36.003941,-106.865013,331909.9253,3985994.066,2687.397461,Interior
198,SNN77,QUGA,AGE,36.003941,-106.865013,331909.9253,3985994.066,2687.397461,Interior
199,SNN78,JUSC,Chron,36.003932,-106.8647193,331936.3797,3985992.56,2688,Interior
200,SNN79,PIPO,GC,36.00350083,-106.8650765,331903.2668,3985945.346,2653.699951,Interior
201,SNN8,POTR,AGE,36.00631,-106.86074,332300.1039,3986249.502,2758.191406,Interior
202,SNN80,PIPO,FireScar,36.00349567,-106.8652132,331890.934,3985945.009,2655,Interior
203,SNN81,QUGA,AGE,36.00351517,-106.8651833,331893.6705,3985947.121,2649.5,Interior
204,SNN82,QUGA,AGE,36.00351517,-106.8651833,331893.6705,3985947.121,2649.5,Interior
205,SNN83,PIPO,FireScar,36.003524,-106.8658112,331837.0913,3985949.184,2651,Interior
206,SNN84,PIPO,Chron,36.00428017,-106.8669098,331739.6724,3986034.965,2652.300049,Interior
207,SNN85,QUGA,AGE,36.004315,-106.866642,331763.8853,3986038.366,2664.219971,Interior
208,SNN86,QUGA,AGE,36.004315,-106.866642,331763.8853,3986038.366,2664.219971,Interior
209,SNN87,POTR,AGE,36.004315,-106.866642,331763.8853,3986038.366,2664.219971,Interior
210,SNN88,POTR,AGE,36.004315,-106.866642,331763.8853,3986038.366,2664.219971,Interior
211,SNN89,PIPO,FireScar,36.00529917,-106.8656015,331859.764,3986145.747,2728.399902,Edge
212,SNN9,POTR,AGE,36.00631,-106.86074,332300.1039,3986249.502,2758.191406,Interior
213,SNN90,PIPO,FireScar,36.00558983,-106.8658313,331839.6681,3986178.387,2729.199951,Exterior
214,SNN91,PIPO,FireScar,36.00556867,-106.8658458,331838.3162,3986176.065,2730.5,Exterior
215,SNN92,PIPO,FireScar,36.00415883,-106.8691212,331540.0837,3986025.326,2702.300049,Edge
216,SNN93,PIPO,FireScar,36.0035875,-106.8725387,331230.8195,3985967.861,2680.699951,Exterior
217,SNS01,QUGA,AGE,35.9807935,-106.8704192,331373.3404,3983435.587,2543.199951,Interior
218,SNS02,QUGA,AGE,35.9807935,-106.8704192,331373.3404,3983435.587,2543.199951,Interior
219,SNS03,PIPO,FireScar,35.980354,-106.8704823,331366.7156,3983386.941,2528.600098,Interior
220,SNS04,PIPO,GC,35.97996667,-106.8704418,331369.5428,3983343.904,2518.5,Interior
221,SNS05,PIPO,DD,35.9793735,-106.8703202,331379.2446,3983277.891,2518.600098,Interior
222,SNS06,QUGA,AGE,35.97941717,-106.8702717,331383.7106,3983282.652,2521.899902,Interior
223,SNS07,QUGA,AGE,35.97941717,-106.8702717,331383.7106,3983282.652,2521.899902,Interior
224,SNS08,QUGA,AGE,35.97941717,-106.8702717,331383.7106,3983282.652,2521.899902,Interior
225,SNS09,PIPO,DD,35.979463,-106.8695258,331451.0629,3983286.446,2534.300049,Interior
226,SNS10,QUGA,AGE,35.97851283,-106.8690293,331493.8096,3983180.183,2527.399902,Interior
227,SNS11,QUGA,AGE,35.97851283,-106.8690293,331493.8096,3983180.183,2527.399902,Interior
228,SNS12,PIPO,FireScar,35.97827917,-106.86922,331476.1177,3983154.592,2522.600098,Interior
229,SNS13,PIPO,FireScar,35.97779883,-106.8687905,331513.8232,3983100.564,2525.899902,Interior
230,SNS14,PIPO,FireScar,35.97988533,-106.8683975,331553.695,3983331.346,2531.699951,Interior
231,SNS15,PIPO,GC,35.97356733,-106.8664787,331713.2871,3982627.16,2502.800049,Edge
232,SNS16,PIPO,FireScar,35.97352217,-106.8664965,331711.5861,3982622.181,2504,Edge
233,SNS17,PIPO,FireScar,35.97355067,-106.8665275,331708.8513,3982625.396,2493.300049,Edge
234,SNS18,PIPO,GC,35.973629,-106.8667133,331692.2636,3982634.406,2504.199951,Edge
235,SNS19,PIPO,DD,35.97360333,-106.8666835,331694.8962,3982631.507,2497.100098,Edge
236,SNS20,PIPO,DD,35.97467283,-106.8668622,331681.054,3982750.458,2503.5,Interior
237,SNS21,QUGA,AGE,35.97467,-106.866946,331673.4916,3982750.289,2521.199951,Interior
238,SNS22,QUGA,AGE,35.97467,-106.866946,331673.4916,3982750.289,2521.199951,Interior
239,SNS23,PIPO,GC,35.97673217,-106.8657377,331786.8232,3982976.965,2543.800049,Interior
240,SNS24,QUGA,AGE,35.97740683,-106.8607895,332234.4258,3983043.28,2616.800049,Interior
241,SNS25,QUGA,AGE,35.97740683,-106.8607895,332234.4258,3983043.28,2616.800049,Interior
242,SNS26,PIPO,FireScar,35.97695733,-106.860313,332276.4395,3982992.596,2639.300049,Interior
243,SNS27,PIPO,GC,35.97693033,-106.8604823,332261.1168,3982989.892,2632.399902,Interior
244,SNS28,PIPO,DD,35.976913,-106.8603282,332274.9751,3982987.704,2642.5,Interior
245,SNS29,PIPO,FireScar,35.976892,-106.8604005,332268.4114,3982985.499,2638.100098,Interior
246,SNS30,PIPO,FireScar,35.976827,-106.8603822,332269.9239,3982978.257,2633,Interior
247,SNS31,QUGA,AGE,35.97597917,-106.8614437,332172.4141,3982886.032,2599.5,Interior
248,SNS32,QUGA,AGE,35.97597917,-106.8614437,332172.4141,3982886.032,2599.5,Interior
249,SNS50,PIPO,AGE,35.981587,-106.87348,331099.0565,3983528.912,2532.099854,Interior
250,SNS51,JUSC,AGE,35.981587,-106.87348,331099.0565,3983528.912,2532.099854,Interior
251,SNS52,QUGA,AGE,35.981587,-106.87348,331099.0565,3983528.912,2532.099854,Interior
252,SNS53,QUGA,AGE,35.981587,-106.87348,331099.0565,3983528.912,2532.099854,Interior
253,SNS54,PIPO,Chron,35.9813915,-106.8732802,331116.6545,3983506.878,2526.099854,Interior
254,SNS55,PIPO,FireScar,35.9814815,-106.8727582,331163.9118,3983515.958,2531.799805,Interior
255,SNS56,QUGA,AGE,35.980888,-106.872715,331166.5421,3983450.044,2516.299805,Interior
256,SNS57,QUGA,AGE,35.980888,-106.872715,331166.5421,3983450.044,2516.299805,Interior
257,SNS58,PIPO,Chron,35.98052617,-106.8730035,331139.7585,3983410.405,2499.599854,Interior
258,SNS59,QUGA,AGE,35.9787635,-106.8740515,331041.5069,3983216.683,2474.199951,Interior
259,SNS60,QUGA,AGE,35.9787635,-106.8740515,331041.5069,3983216.683,2474.199951,Interior
260,SNS61,PIPO,AGE,35.9787635,-106.8740515,331041.5069,3983216.683,2474.199951,Interior
261,SNS62,PIED,AGE,35.9787635,-106.8740515,331041.5069,3983216.683,2474.199951,Interior
262,SNS63,PIPO,AGE,35.98129867,-106.8694863,331458.5295,3983490.014,2526.299805,Interior
263,SNS64,PIPO,GC,35.98125,-106.8695937,331448.7423,3983484.8,2532,Interior
264,SNS65,QUGA,AGE,35.98129867,-106.8694863,331458.5295,3983490.014,2526.299805,Interior
265,SNS66,PIPO,DD,35.981283,-106.8695035,331456.9453,3983488.305,2525.199951,Interior
266,SNS67,QUGA,AGE,35.98129867,-106.8694863,331458.5295,3983490.014,2526.299805,Interior
267,SNS68,QUGA,AGE,35.98131533,-106.8696468,331444.0936,3983492.139,2530.5,Interior
268,SNS69,QUGA,AGE,35.98131533,-106.8696468,331444.0936,3983492.139,2530.5,Interior
269,SNS70,PIPO,GC,35.98229667,-106.8639547,331959.3966,3983591.174,2618,Edge
270,SNS71,PSME,DD,35.98226783,-106.8637363,331979.027,3983587.598,2622,Edge
271,SNS72,QUGA,AGE,35.98236483,-106.863822,331971.5058,3983598.506,2625.399902,Edge
272,SNS73,QUGA,AGE,35.98249833,-106.863861,331968.2726,3983613.383,2623.899902,Edge
273,SNS74,QUGA,DD,35.98250617,-106.8638625,331968.154,3983614.255,2624.099854,Edge
274,SNS75,QUGA,AGE,35.98249833,-106.863861,331968.2726,3983613.383,2623.899902,Edge
275,SNS76,QUGA,DD,35.98253917,-106.8638943,331965.3568,3983617.971,2625.599854,Edge
276,SNS77,QUGA,AGE,35.98236483,-106.863822,331971.5058,3983598.506,2625.399902,Interior
277,SNS78,PIPO,FireScar,35.98227,-106.863864,331967.5178,3983588.059,2620.399902,Interior
278,SNS79,QUGA,AGE,35.97984117,-106.8619843,332131.8504,3983315.384,2596.899902,Interior
279,SNS80,PIPO,DD,35.979783,-106.8620673,332124.2434,3983309.074,2588.5,Interior
280,SNS81,QUGA,AGE,35.97984117,-106.8619843,332131.8504,3983315.384,2596.899902,Interior
281,SPC01,QUGA,AGE,35.96793667,-106.8478742,333379.0646,3981970.585,2766.100098,Edge
282,SPC02,QUGA,AGE,35.96793667,-106.8478742,333379.0646,3981970.585,2766.100098,Edge
283,SPC03,PIPO,FireScar,35.9683195,-106.8480325,333365.5941,3982013.324,2771.699951,Exterior
284,SPC04,PIPO,FireScar,35.96876967,-106.8481273,333357.9916,3982063.424,2769.5,Exterior
285,SPC05,PIPO,FireScar,35.96785767,-106.8469427,333462.9001,3981960.23,2784.199951,Edge
286,SPC06,PIPO,DD,35.9673455,-106.8448047,333654.6276,3981899.765,2784,Edge
287,SPC07,PIPO,FireScar,35.967324,-106.8448223,333652.9953,3981897.41,2790.699951,Edge
288,SPC08,QUGA,AGE,35.96741967,-106.8449428,333642.3295,3981908.228,2793.699951,Edge
289,SPC09,QUGA,AGE,35.96741967,-106.8449428,333642.3295,3981908.228,2793.699951,Edge
290,SPC10,PIPO,FireScar,35.96775683,-106.8443548,333696.0623,3981944.627,2797.300049,Edge
291,SPC11,QUGA,AGE,35.96727067,-106.8433665,333784.1667,3981889.011,2768.300049,Interior
292,SPC12,QUGA,AGE,35.96727067,-106.8433665,333784.1667,3981889.011,2768.300049,Interior
293,SPC13,POTR,AGE,35.96727067,-106.8433665,333784.1667,3981889.011,2768.300049,Interior
294,SPC14,POTR,AGE,35.96727067,-106.8433665,333784.1667,3981889.011,2768.300049,Interior
295,SPC15,POTR,FireScar,35.96732883,-106.843377,333783.3417,3981895.481,2771.899902,Interior
296,SPC16,PIPO,FireScar,35.9672245,-106.8425638,333856.4569,3981882.522,2792.199951,Edge
297,SPC17,PIST,FireScar,35.96711967,-106.8422822,333881.6318,3981870.413,2788.399902,Edge
298,SPC18,PIPO,DD,35.9670585,-106.8421585,333892.6588,3981863.416,2786.5,Edge
299,SPC19,QUGA,AGE,35.9659725,-106.8416068,333940.1359,3981742.005,2750.100098,Interior
300,SPC20,QUGA,AGE,35.9659725,-106.8416068,333940.1359,3981742.005,2750.100098,Interior
301,SPC21,QUGA,AGE,35.9657615,-106.8427855,333833.3974,3981720.606,2706.800049,Interior
302,SPC22,QUGA,AGE,35.9657615,-106.8427855,333833.3974,3981720.606,2706.800049,Interior
303,SPC23,QUGA,FireScar,35.96496667,-106.8437558,333744.2277,3981634.088,2660.199951,Interior
304,SPC24,PIPO,Chron,35.9646145,-106.8454435,333591.2881,3981597.899,2641.300049,Interior
305,SPC25,PIED,Chron,35.9647735,-106.8456338,333574.4602,3981615.862,2652,Interior
306,SPC26,PIPO,FireScar,35.96468667,-106.845728,333565.7827,3981606.391,2652.300049,Interior
307,SPC27,QUGA,AGE,35.9647725,-106.8459908,333542.263,3981616.361,2659.899902,Interior
308,SPC28,QUGA,AGE,35.9647725,-106.8459908,333542.263,3981616.361,2659.899902,Interior
309,SPC29,QUGA,AGE,35.9647725,-106.8459908,333542.263,3981616.361,2659.899902,Interior
310,SPC30,QUGA,AGE,35.9647725,-106.8459908,333542.263,3981616.361,2659.899902,Interior
311,SPC31,QUGA,AGE,35.96741967,-106.8449428,333642.3295,3981908.228,2793.699951,Interior
312,SPC32,PIPO,FireScar,35.96603017,-106.8459623,333547.474,3981755.828,2683.699951,Interior
313,SPC33,QUGA,AGE,35.96409567,-106.8480997,333350.6547,3981544.881,2609,Interior
314,SPC34,QUGA,AGE,35.96409567,-106.8480997,333350.6547,3981544.881,2609,Interior
315,SPC35,QUGA,AGE,35.96409567,-106.8480997,333350.6547,3981544.881,2609,Interior
316,SPC36,PIED,AGE,35.96508083,-106.8503752,333147.5164,3981658.058,2612.800049,Interior
317,SPC37,QUGA,AGE,35.96508083,-106.8503752,333147.5164,3981658.058,2612.800049,Interior
318,SPC38,QUGA,AGE,35.96508083,-106.8503752,333147.5164,3981658.058,2612.800049,Interior
319,SPC39,PI SPP,DD,35.96557167,-106.8503265,333152.9413,3981712.424,2634.899902,Interior
320,SPC50,QUGA,AGE,35.96837933,-106.851124,333086.9337,3982025.249,2753.199951,Edge
321,SPC51,QUGA,AGE,35.96837933,-106.851124,333086.9337,3982025.249,2753.199951,Edge
322,SPC52,POTR,AGE,35.96837933,-106.851124,333086.9337,3982025.249,2753.199951,Interior
323,SPC53,QUGA,AGE,35.9679425,-106.8505882,333134.3316,3981975.873,2740.5,Interior
324,SPC54,QUGA,AGE,35.9679425,-106.8505882,333134.3316,3981975.873,2740.5,Interior
325,SPC55,QUGA,AGE,35.9669915,-106.8497507,333207.8553,3981868.944,2701.099854,Interior
326,SPC56,QUGA,AGE,35.9669915,-106.8497507,333207.8553,3981868.944,2701.099854,Interior
327,SPC57,ABCO,Chron,35.96712367,-106.8498757,333196.8609,3981883.819,2709.099854,Interior
328,SPC58,PIPO,AGE,35.9654565,-106.8508203,333108.1672,3981700.493,2613.299805,Interior
329,SPC59,QUGA,AGE,35.9654565,-106.8508203,333108.1672,3981700.493,2613.299805,Interior
330,SPC60,QUGA,AGE,35.9654565,-106.8508203,333108.1672,3981700.493,2613.299805,Interior
331,SPC61,QUGA,AGE,35.9654565,-106.8508203,333108.1672,3981700.493,2613.299805,Interior
332,SPC62,PIPO,AGE,35.9649115,-106.8528903,332920.3426,3981643.58,2588.899902,Interior
333,SPC63,QUGA,AGE,35.9649115,-106.8528903,332920.3426,3981643.58,2588.899902,Interior
334,SPC64,QUGA,AGE,35.9649115,-106.8528903,332920.3426,3981643.58,2588.899902,Interior
335,SPC65,PIPO,AGE,35.9649115,-106.8528903,332920.3426,3981643.58,2588.899902,Interior
336,SPC66,PIPO,AGE,35.96525133,-106.8545493,332771.447,3981684.122,2618.399902,Interior
337,SPC67,QUGA,AGE,35.96525133,-106.8545493,332771.447,3981684.122,2618.399902,Interior
338,SPC68,QUGA,AGE,35.96525133,-106.8545493,332771.447,3981684.122,2618.399902,Interior
339,SPC69,QUGA,AGE,35.96525133,-106.8545493,332771.447,3981684.122,2618.399902,Interior
340,SPC70,QUGA,Chron,35.9643625,-106.8554035,332692.5378,3981586.987,2608.099854,Interior
341,SPC71,PIPO,GC,35.96434783,-106.855455,332687.8624,3981585.448,2611.799805,Interior
342,SPC72,PIPO,DD,35.96357483,-106.8545442,332768.3704,3981498.135,2570.799805,Interior
343,SPC73,PIPO,DD,35.9636955,-106.8547702,332748.2435,3981511.909,2573,Interior
344,SPC74,PIPO,DD,35.96379917,-106.8548552,332740.7966,3981523.555,2575.399902,Interior
345,SPC75,PIPO,DD,35.96331633,-106.8567917,332565.1363,3981473.316,2601.599854,Interior
346,SPC76,PIPO,FireScar,35.9634885,-106.8592407,332344.6393,3981496.623,2711.599854,Exterior
